content,label
basically,non_technical
uber,non_technical
gcp dashboard for real-time monitoring,technical
backend architecture for scalable apps,technical
highway,non_technical
comparison between azure and docker,technical
outside,non_technical
explain pie chart with examples,technical
best practices for backend,technical
best practices for azure,technical
explain neural networks with examples,technical
energy,non_technical
troubleshooting java issues,technical
typescript dashboard for real-time monitoring,technical
postgresql diagram for process mapping,technical
react model for predictive analytics,technical
junit schema for database management,technical
pie chart visualization for data analysis,technical
how to implement tableau in project,technical
us,non_technical
patient,non_technical
growth,non_technical
finally,non_technical
they,non_technical
postgresql deployment on cloud platforms,technical
loving,non_technical
integrating backend with other tools,technical
cfd schema for database management,technical
junit configuration and setup,technical
crucial,non_technical
comparison between bar chart and bar chart,technical
deep learning testing for quality assurance,technical
theory,non_technical
tableau documentation and guides,technical
machine learning deployment on cloud platforms,technical
pie chart diagram for process mapping,technical
react documentation and guides,technical
fresh,non_technical
dashboards architecture for scalable apps,technical
optimizing charts performance,technical
postgresql architecture for scalable apps,technical
most,non_technical
no one,non_technical
optimizing kubernetes performance,technical
dinner time,non_technical
standard,non_technical
smart,non_technical
neural networks schema for database management,technical
soil,non_technical
nine,non_technical
debate,non_technical
hospital,non_technical
through,non_technical
data flow diagram testing for quality assurance,technical
ci/cd tutorial for beginners,technical
candy,non_technical
integrating flask with other tools,technical
plain,non_technical
comparison between redux and mongodb,technical
best practices for analytics reports,technical
fitness,non_technical
dust,non_technical
colleague,non_technical
comparison between python and junit,technical
seriously,non_technical
entity relationship diagram documentation and guides,technical
table,non_technical
mountain,non_technical
professor,non_technical
he,non_technical
mongodb deployment on cloud platforms,technical
customer,non_technical
control flow diagram tutorial for beginners,technical
tailwind css deployment on cloud platforms,technical
mockito model for predictive analytics,technical
docker architecture for scalable apps,technical
seven,non_technical
cooking,non_technical
river,non_technical
deer,non_technical
tailwind css testing for quality assurance,technical
explain azure with examples,technical
alone,non_technical
comparison between flask and machine learning,technical
please help me,non_technical
fragile,non_technical
how to implement entity relationship diagram in project,technical
eternal,non_technical
hello how are you,non_technical
explain node.js with examples,technical
freedom,non_technical
designing apis for enterprise systems,technical
everywhere,non_technical
sql query for joining tables,technical
broad,non_technical
integrating frontend with other tools,technical
react dashboard for real-time monitoring,technical
immense,non_technical
hard,non_technical
bland,non_technical
backend diagram for process mapping,technical
cocktail,non_technical
troubleshooting entity relationship diagram issues,technical
comparison between entity relationship diagram and gcp,technical
no problem,non_technical
integrating entity relationship diagram with other tools,technical
express deployment on cloud platforms,technical
door,non_technical
cool,non_technical
away,non_technical
photography,non_technical
idle,non_technical
cfd visualization for data analysis,technical
best practices for apis,technical
mockito tutorial for beginners,technical
promotion,non_technical
tough,non_technical
foolish,non_technical
docker dashboard for real-time monitoring,technical
machine learning model for predictive analytics,technical
comparison between django and redux,technical
busy,non_technical
herself,non_technical
azure testing for quality assurance,technical
tense,non_technical
integrating python with other tools,technical
noisy,non_technical
discover,non_technical
though,non_technical
lake,non_technical
quiet,non_technical
bed,non_technical
entity relationship diagram model for predictive analytics,technical
economy,non_technical
youtube tutorial on machine learning models,technical
optimistic,non_technical
troubleshooting postgresql issues,technical
loose,non_technical
entity relationship diagram testing for quality assurance,technical
explain charts with examples,technical
ci/cd architecture for scalable apps,technical
django diagram for process mapping,technical
business,non_technical
bar chart schema for database management,technical
comparison between cfd and express,technical
flask diagram for process mapping,technical
whose,non_technical
integrating sql with other tools,technical
important,non_technical
express dashboard for real-time monitoring,technical
neural networks model for predictive analytics,technical
cfd model for predictive analytics,technical
chocolate,non_technical
kubernetes schema for database management,technical
typescript configuration and setup,technical
rust ownership and borrowing,technical
snowy,non_technical
designing cfd for enterprise systems,technical
completely,non_technical
public static void main(string[] args) { system.out.println('hello'); },technical
designing control flow diagram for enterprise systems,technical
frontend dashboard for real-time monitoring,technical
empty,non_technical
optimizing schema performance,technical
data visualization testing for quality assurance,technical
make this,non_technical
fake,non_technical
how to implement dfd in project,technical
dry,non_technical
microservices configuration and setup,technical
theater,non_technical
deep learning model for predictive analytics,technical
comparison between normalization and flowcharts,technical
jetbrains intellij idea features,technical
as,non_technical
what,non_technical
troubleshooting line chart issues,technical
control flow diagram architecture for scalable apps,technical
optimizing sql queries performance,technical
java documentation and guides,technical
data flow diagram schema for database management,technical
thrice,non_technical
machine learning diagram for process mapping,technical
tableau schema for database management,technical
neat,non_technical
postgresql configuration and setup,technical
comparison between data flow diagram and sql queries,technical
dog,non_technical
agile software development methodology,technical
optimizing machine learning performance,technical
thesis,non_technical
schema queries for data retrieval,technical
comparison between express and react,technical
direct,non_technical
explain dfd with examples,technical
probably,non_technical
comparison between normalization and deep learning,technical
entity relationship diagram diagram for process mapping,technical
believe,non_technical
designing mongodb for enterprise systems,technical
proud of you,non_technical
handsome,non_technical
python model for predictive analytics,technical
yes,non_technical
helpful,non_technical
comparison between flask and mockito,technical
bold,non_technical
paper,non_technical
education,non_technical
history,non_technical
optimizing react performance,technical
gcp diagram for process mapping,technical
race,non_technical
product,non_technical
teacher,non_technical
map,non_technical
anxious,non_technical
public,non_technical
sure,non_technical
wholly,non_technical
junit dashboard for real-time monitoring,technical
optimizing neural networks performance,technical
locked,non_technical
frontend queries for data retrieval,technical
comparison between pie chart and neural networks,technical
how to implement python in project,technical
javascript tutorial for beginners,technical
secure,non_technical
creativity,non_technical
kubernetes deployment on cloud platforms,technical
useful,non_technical
account,non_technical
deep learning diagram for process mapping,technical
dashboards schema for database management,technical
oil,non_technical
excuse me,non_technical
and,non_technical
marketing,non_technical
designing flask for enterprise systems,technical
half,non_technical
apis queries for data retrieval,technical
ticket,non_technical
integrating tailwind css with other tools,technical
kubernetes dashboard for real-time monitoring,technical
cash,non_technical
best practices for flowcharts,technical
comparison between apis and python,technical
troubleshooting normalization issues,technical
holiday,non_technical
optimizing javascript performance,technical
troubleshooting mockito issues,technical
comparison between javascript and python,technical
swiftui for ios app design,technical
club,non_technical
bye bye,non_technical
click here,non_technical
designing pie chart for enterprise systems,technical
comparison between aws and charts,technical
sign,non_technical
stop now,non_technical
normalization queries for data retrieval,technical
keep it up,non_technical
erd model for predictive analytics,technical
fully,non_technical
small,non_technical
explain postgresql with examples,technical
artificial,non_technical
integrating machine learning with other tools,technical
javascript testing for quality assurance,technical
charts diagram for process mapping,technical
obscure,non_technical
backend documentation and guides,technical
best practices for tableau,technical
regular,non_technical
imaginary,non_technical
comparison between deep learning and pie chart,technical
infinite,non_technical
designing gcp for enterprise systems,technical
redux schema for database management,technical
best practices for erd,technical
moon,non_technical
once,non_technical
career,non_technical
best practices for microservices,technical
butterfly,non_technical
present,non_technical
gift,non_technical
cfd diagram for process mapping,technical
charts tutorial for beginners,technical
normalization dashboard for real-time monitoring,technical
entity relationship diagram queries for data retrieval,technical
best practices for kubernetes,technical
everyhow,non_technical
how to implement typescript in project,technical
stress,non_technical
integrating express with other tools,technical
sql queries for data retrieval,technical
keen,non_technical
aaaaa aaaaa aaaaa,non_technical
architecture documentation and guides,technical
level,non_technical
comparison between sql and aws,technical
what are technical skills? examples include programming and data analysis,technical
pet,non_technical
lol,non_technical
neural networks queries for data retrieval,technical
node.js deployment on cloud platforms,technical
running,non_technical
integrating redux with other tools,technical
football,non_technical
designing sql for enterprise systems,technical
friends,non_technical
explain data flow diagram with examples,technical
react testing for quality assurance,technical
dfd diagram for process mapping,technical
active,non_technical
duck,non_technical
only,non_technical
comparison between neural networks and pie chart,technical
together,non_technical
ci/cd model for predictive analytics,technical
javascript visualization for data analysis,technical
break,non_technical
integrating power bi with other tools,technical
troubleshooting schema issues,technical
architecture visualization for data analysis,technical
healthy,non_technical
troubleshooting analytics reports issues,technical
erd deployment on cloud platforms,technical
mockito deployment on cloud platforms,technical
friendly,non_technical
solid,non_technical
explain python with examples,technical
kubernetes queries for data retrieval,technical
cheap,non_technical
troubleshooting node.js issues,technical
comparison between microservices and node.js,technical
optimizing azure performance,technical
comparison between redux and django,technical
worthless,non_technical
wow,non_technical
gcp tutorial for beginners,technical
integrating line chart with other tools,technical
how to implement junit in project,technical
data flow diagram (dfd) level 0 for library system,technical
typescript diagram for process mapping,technical
so,non_technical
always,non_technical
sculpture,non_technical
analytics reports documentation and guides,technical
maybe,non_technical
definite,non_technical
closed,non_technical
beauty,non_technical
against,non_technical
designing java for enterprise systems,technical
easy,non_technical
flask schema for database management,technical
node.js tutorial for beginners,technical
wait for me,non_technical
win this,non_technical
him,non_technical
best practices for aws,technical
mostly,non_technical
lastly,non_technical
c++ architecture for scalable apps,technical
driver,non_technical
voice,non_technical
invisible,non_technical
cake,non_technical
ambulance,non_technical
strictly,non_technical
microservices visualization for data analysis,technical
system design schema for database management,technical
frontend tutorial for beginners,technical
offer,non_technical
mockito dashboard for real-time monitoring,technical
rock,non_technical
tea,non_technical
nevertheless,non_technical
line chart dashboard for real-time monitoring,technical
previous,non_technical
typescript tutorial for beginners,technical
dim,non_technical
postgresql testing for quality assurance,technical
email,non_technical
interesting,non_technical
data flow diagram diagram for process mapping,technical
loud,non_technical
microservices schema for database management,technical
park,non_technical
vain,non_technical
weather,non_technical
status,non_technical
check this out,non_technical
sudden,non_technical
cfd dashboard for real-time monitoring,technical
mine,non_technical
science,non_technical
comparison between bar chart and java,technical
machine learning dashboard for real-time monitoring,technical
schema dashboard for real-time monitoring,technical
whatsoever,non_technical
pilot,non_technical
plan,non_technical
box,non_technical
integrating django with other tools,technical
how to implement pie chart in project,technical
how to implement node.js in project,technical
highly,non_technical
uncivil,non_technical
second,non_technical
salary,non_technical
special,non_technical
how to implement flask in project,technical
rofl,non_technical
false,non_technical
docker configuration and setup,technical
drawing,non_technical
coach,non_technical
comparison between neural networks and mockito,technical
comparison between ci/cd and power bi,technical
backend queries for data retrieval,technical
drink,non_technical
comparison between sql queries and flask,technical
soon,non_technical
designing neural networks for enterprise systems,technical
tiger,non_technical
udemy bootcamp for fullstack web development,technical
salad,non_technical
pie chart dashboard for real-time monitoring,technical
hate you,non_technical
new record,non_technical
integrating javascript with other tools,technical
line chart model for predictive analytics,technical
because,non_technical
payment,non_technical
without,non_technical
troubleshooting power bi issues,technical
you are welcome,non_technical
tall,non_technical
my,non_technical
necessary,non_technical
troubleshooting uml diagrams issues,technical
flask queries for data retrieval,technical
himself,non_technical
strategy,non_technical
call,non_technical
job,non_technical
integrating sql queries with other tools,technical
rash,non_technical
tailwind css dashboard for real-time monitoring,technical
gloomy,non_technical
chicken,non_technical
liquid,non_technical
high score,non_technical
kubernetes model for predictive analytics,technical
aws testing for quality assurance,technical
still,non_technical
how to implement flowcharts in project,technical
flask deployment on cloud platforms,technical
bear,non_technical
calm,non_technical
analytics reports tutorial for beginners,technical
at,non_technical
achievement,non_technical
flowcharts testing for quality assurance,technical
erd tutorial for beginners,technical
besides,non_technical
comparison between c++ and python,technical
tight,non_technical
dfd dashboard for real-time monitoring,technical
java visualization for data analysis,technical
comparison between data visualization and erd,technical
those,non_technical
scary,non_technical
explain mockito with examples,technical
speech,non_technical
primarily,non_technical
phone,non_technical
what is rest api and how it works,technical
hopeless,non_technical
trust,non_technical
actually,non_technical
control flow diagram schema for database management,technical
harmony,non_technical
everyone,non_technical
comparison between flowcharts and apis,technical
comparison between apis and flowcharts,technical
book,non_technical
architecture tutorial for beginners,technical
troubleshooting microservices issues,technical
singing,non_technical
art,non_technical
concert,non_technical
love you,non_technical
comparison between charts and architecture,technical
roof,non_technical
well,non_technical
optimizing mockito performance,technical
system architecture diagram,technical
comparison between sql and uml diagrams,technical
comparison between pie chart and javascript,technical
universe,non_technical
insect,non_technical
struggling with react state management,technical
comparison between typescript and apis,technical
comparison between sql and neural networks,technical
these,non_technical
optimizing cfd performance,technical
insincere,non_technical
designing schema for enterprise systems,technical
data visualization model for predictive analytics,technical
pretty,non_technical
react tutorial for beginners,technical
future,non_technical
draw er diagram for hospital management system,technical
training,non_technical
gcp deployment on cloud platforms,technical
integrating azure with other tools,technical
order,non_technical
definition of technical proficiency and soft skills in engineering,technical
explain flask with examples,technical
sea,non_technical
c++ diagram for process mapping,technical
car,non_technical
how to implement charts in project,technical
island,non_technical
explain tailwind css with examples,technical
charts schema for database management,technical
cfd tutorial for beginners,technical
tableau dashboard for real-time monitoring,technical
mockito schema for database management,technical
comparison between schema and kubernetes,technical
best practices for docker,technical
recipe,non_technical
horse,non_technical
indefinite,non_technical
tree,non_technical
docker diagram for process mapping,technical
postgresql dashboard for real-time monitoring,technical
bridge,non_technical
smooth,non_technical
comparison between postgresql and redux,technical
comparison between control flow diagram and charts,technical
backend configuration and setup,technical
find this,non_technical
someone,non_technical
optimizing data flow diagram performance,technical
homework,non_technical
optimizing tailwind css performance,technical
optimizing erd performance,technical
optimizing system design performance,technical
shipping,non_technical
comparison between tableau and neural networks,technical
how to implement apis in project,technical
diploma,non_technical
current,non_technical
c++ documentation and guides,technical
comparison between bar chart and deep learning,technical
machine learning classification model using python,technical
possible,non_technical
bar chart documentation and guides,technical
data flow diagram dashboard for real-time monitoring,technical
optimizing redux performance,technical
politics,non_technical
gps,non_technical
optimizing deep learning performance,technical
apis architecture for scalable apps,technical
azure schema for database management,technical
dark,non_technical
no,non_technical
designing line chart for enterprise systems,technical
correct,non_technical
explain java with examples,technical
image,non_technical
fact,non_technical
load balancer and reverse proxy nginx,technical
confident,non_technical
system design dashboard for real-time monitoring,technical
comparison between neural networks and power bi,technical
confused,non_technical
do this,non_technical
school,non_technical
get well soon,non_technical
awesome,non_technical
junit diagram for process mapping,technical
soccer,non_technical
boat,non_technical
tailwind css schema for database management,technical
best practices for architecture,technical
failure,non_technical
frontend model for predictive analytics,technical
aws queries for data retrieval,technical
doubtful,non_technical
charts documentation and guides,technical
line chart queries for data retrieval,technical
comparison between gcp and java,technical
how to implement system design in project,technical
control flow diagram visualization for data analysis,technical
irregular,non_technical
how to implement bar chart in project,technical
design,non_technical
analytics reports configuration and setup,technical
integrating postgresql with other tools,technical
sql queries diagram for process mapping,technical
comparison between express and mockito,technical
analytics reports architecture for scalable apps,technical
less,non_technical
explain kubernetes with examples,technical
aws architecture for scalable apps,technical
bright,non_technical
integrating charts with other tools,technical
javascript deployment on cloud platforms,technical
optimizing docker performance,technical
comparison between microservices and c++,technical
subscribe now,non_technical
azure model for predictive analytics,technical
comparison between python and redux,technical
pie chart testing for quality assurance,technical
how to implement azure in project,technical
designing kubernetes for enterprise systems,technical
climate,non_technical
beach,non_technical
redux queries for data retrieval,technical
charts model for predictive analytics,technical
data flow diagram architecture for scalable apps,technical
best practices for express,technical
integrating typescript with other tools,technical
management,non_technical
past,non_technical
success,non_technical
laughing out loud,non_technical
certain,non_technical
honest,non_technical
quite,non_technical
mongodb nosql database aggregation,technical
journal,non_technical
home,non_technical
bus,non_technical
data visualization diagram for process mapping,technical
data flow diagram deployment on cloud platforms,technical
optimizing c++ performance,technical
troubleshooting c++ issues,technical
variable,non_technical
employee,non_technical
aws schema for database management,technical
postman for api testing and documentation,technical
cricket,non_technical
mongodb architecture for scalable apps,technical
architecture queries for data retrieval,technical
comparison between charts and c++,technical
tailwind css diagram for process mapping,technical
both,non_technical
application,non_technical
explain dfd for e-commerce system,technical
explain analytics reports with examples,technical
prize,non_technical
sql queries configuration and setup,technical
java dashboard for real-time monitoring,technical
redux visualization for data analysis,technical
price,non_technical
curved,non_technical
flexible,non_technical
earth,non_technical
acting,non_technical
excellent,non_technical
system design tutorial for beginners,technical
troubleshooting cfd issues,technical
explain docker with examples,technical
idea,non_technical
meditation,non_technical
passenger,non_technical
a,non_technical
consequently,non_technical
likewise,non_technical
comparison between mongodb and kubernetes,technical
architecture configuration and setup,technical
designing tableau for enterprise systems,technical
azure queries for data retrieval,technical
shallow,non_technical
medal,non_technical
for,non_technical
dashboards tutorial for beginners,technical
comparison between deep learning and django,technical
c++ schema for database management,technical
docker containerization for web apps,technical
how to implement tailwind css in project,technical
hot,non_technical
polite,non_technical
cross-origin resource sharing (cors) fix,technical
best practices for neural networks,technical
twice,non_technical
java model for predictive analytics,technical
sql queries architecture for scalable apps,technical
accident,non_technical
shrimp,non_technical
news,non_technical
crab,non_technical
charts visualization for data analysis,technical
integrating dfd with other tools,technical
joy,non_technical
designing sql queries for enterprise systems,technical
troubleshooting system design issues,technical
teaching,non_technical
this project is built using spring boot and mysql database,technical
how to implement c++ in project,technical
good morning everyone,non_technical
troubleshooting control flow diagram issues,technical
floor,non_technical
brand,non_technical
score,non_technical
wonder,non_technical
ci/cd dashboard for real-time monitoring,technical
neural networks visualization for data analysis,technical
mockito architecture for scalable apps,technical
apis tutorial for beginners,technical
microservices dashboard for real-time monitoring,technical
doctor,non_technical
however,non_technical
line chart visualization for data analysis,technical
well done,non_technical
best practices for ci/cd,technical
redux testing for quality assurance,technical
python schema for database management,technical
dfd architecture for scalable apps,technical
flowcharts dashboard for real-time monitoring,technical
particular,non_technical
best practices for dashboards,technical
console.log('hello world');,technical
best practices for system design,technical
explain javascript with examples,technical
coupon,non_technical
to,non_technical
machine learning configuration and setup,technical
perhaps,non_technical
slow,non_technical
now,non_technical
not much,non_technical
nowhow,non_technical
dfd testing for quality assurance,technical
horrible,non_technical
snake,non_technical
how to implement erd in project,technical
we,non_technical
ours,non_technical
charts queries for data retrieval,technical
across,non_technical
how to implement react in project,technical
comparison between ci/cd and azure,technical
stop,non_technical
comparison between system design and tailwind css,technical
efficient,non_technical
optimizing flask performance,technical
road,non_technical
your,non_technical
tailwind css architecture for scalable apps,technical
comparison between docker and ci/cd,technical
optimizing dfd performance,technical
above,non_technical
comparison between azure and flask,technical
cafe,non_technical
unusual,non_technical
song,non_technical
fantastic,non_technical
neural networks configuration and setup,technical
snack,non_technical
hidden,non_technical
hostile,non_technical
safe,non_technical
comparison between entity relationship diagram and tailwind css,technical
vue.js composition api vs options api,technical
explain data visualization with examples,technical
backend schema for database management,technical
"features include authentication, crud and jwt",technical
brilliant,non_technical
chaotic,non_technical
cfd configuration and setup,technical
loss,non_technical
explain django with examples,technical
comparison between redux and erd,technical
inefficient,non_technical
ci/cd documentation and guides,technical
anything,non_technical
between,non_technical
best practices for node.js,technical
finance,non_technical
normalization schema for database management,technical
enough,non_technical
mainly,non_technical
somewhat,non_technical
typescript deployment on cloud platforms,technical
explain frontend with examples,technical
grass,non_technical
win,non_technical
tableau visualization for data analysis,technical
discount,non_technical
docker testing for quality assurance,technical
neural networks tutorial for beginners,technical
comparison between gcp and data flow diagram,technical
designing python for enterprise systems,technical
burnt,non_technical
kanban board for task management,technical
docker queries for data retrieval,technical
architecture diagram for process mapping,technical
poor,non_technical
best practices for flask,technical
first,non_technical
confluence for team collaboration,technical
tomorrow,non_technical
designing dfd for enterprise systems,technical
everybody,non_technical
indirect,non_technical
system design architecture for scalable apps,technical
whichever,non_technical
machine learning testing for quality assurance,technical
comparison between postgresql and data visualization,technical
long,non_technical
designing redux for enterprise systems,technical
how to implement redux in project,technical
how to implement dashboards in project,technical
designing typescript for enterprise systems,technical
designing power bi for enterprise systems,technical
comparison between mongodb and microservices,technical
control flow diagram diagram for process mapping,technical
ci/cd deployment on cloud platforms,technical
tableau model for predictive analytics,technical
mockito configuration and setup,technical
erd schema for database management,technical
shell,non_technical
jira for project tracking and management,technical
apis schema for database management,technical
passive,non_technical
medicine,non_technical
javascript dashboard for real-time monitoring,technical
frontend documentation and guides,technical
vogella eclipse ide shortcuts,technical
really,non_technical
triple,non_technical
right,non_technical
entity relationship diagram visualization for data analysis,technical
result,non_technical
difference between inner join and left join in sql,technical
sql queries schema for database management,technical
yours,non_technical
instead,non_technical
empathy,non_technical
harsh,non_technical
int main() { return 0; },technical
performance,non_technical
essential,non_technical
machine learning tutorial for beginners,technical
comparison between mongodb and postgresql,technical
me,non_technical
schema schema for database management,technical
likely,non_technical
finite,non_technical
kindness,non_technical
data visualization configuration and setup,technical
sincere,non_technical
optimizing control flow diagram performance,technical
javascript model for predictive analytics,technical
cinema,non_technical
bar chart testing for quality assurance,technical
how to implement backend in project,technical
best practices for entity relationship diagram,technical
microservices tutorial for beginners,technical
flowcharts diagram for process mapping,technical
ten,non_technical
why,non_technical
unproductive,non_technical
comparison between python and docker,technical
dangerous,non_technical
juice,non_technical
best practices for frontend,technical
crazy,non_technical
node.js configuration and setup,technical
python architecture for scalable apps,technical
mongodb schema for database management,technical
gcp schema for database management,technical
pig,non_technical
comparison between neural networks and kubernetes,technical
possibly,non_technical
troubleshooting neural networks issues,technical
comparison between architecture and docker,technical
orderly,non_technical
typescript model for predictive analytics,technical
arrogant,non_technical
dfd model for predictive analytics,technical
bankrupt,non_technical
microservices architecture for scalable apps,technical
control flow diagram (cfd) for process logic,technical
comparison between architecture and node.js,technical
optimizing analytics reports performance,technical
scrum master and sprint planning,technical
dead,non_technical
designing frontend for enterprise systems,technical
team,non_technical
line chart deployment on cloud platforms,technical
miss you,non_technical
comparison between mongodb and java,technical
sql architecture for scalable apps,technical
comparison between charts and machine learning,technical
dfd configuration and setup,technical
comparison between frontend and cfd,technical
day,non_technical
plant,non_technical
designing backend for enterprise systems,technical
open,non_technical
ourselves,non_technical
comparison between kubernetes and normalization,technical
station,non_technical
yesterday,non_technical
dashboards model for predictive analytics,technical
while,non_technical
student,non_technical
architecture architecture for scalable apps,technical
python configuration and setup,technical
how to implement postgresql in project,technical
troubleshooting react issues,technical
very,non_technical
slightly,non_technical
air,non_technical
javascript schema for database management,technical
the,non_technical
rapid,non_technical
neural networks deployment on cloud platforms,technical
best of luck,non_technical
period,non_technical
chiefly,non_technical
comparison between machine learning and erd,technical
troubleshooting redux issues,technical
analytics reports visualization for data analysis,technical
integrating normalization with other tools,technical
neural networks testing for quality assurance,technical
wealthy,non_technical
django deployment on cloud platforms,technical
java diagram for process mapping,technical
equality,non_technical
truth,non_technical
backend model for predictive analytics,technical
liar,non_technical
pie chart queries for data retrieval,technical
flowcharts model for predictive analytics,technical
significant,non_technical
lock,non_technical
explain flowcharts with examples,technical
explain deep learning with examples,technical
death,non_technical
uml diagrams architecture for scalable apps,technical
explain erd with examples,technical
common,non_technical
yet,non_technical
azure devops ci/cd pipeline,technical
sql queries queries for data retrieval,technical
troubleshooting backend issues,technical
junit testing for quality assurance,technical
flower,non_technical
ripe,non_technical
react architecture for scalable apps,technical
vital,non_technical
ugly,non_technical
python deployment on cloud platforms,technical
flowcharts visualization for data analysis,technical
control flow diagram queries for data retrieval,technical
how to implement ci/cd in project,technical
discord server for tech communities,technical
stormy,non_technical
deep learning schema for database management,technical
deep,non_technical
wisdom,non_technical
node.js model for predictive analytics,technical
ci/cd visualization for data analysis,technical
none,non_technical
comparison between dfd and c++,technical
cloudy,non_technical
fish,non_technical
mouse,non_technical
dolphin,non_technical
useless,non_technical
fixed,non_technical
postgresql documentation and guides,technical
purpose,non_technical
war,non_technical
ancient,non_technical
power bi model for predictive analytics,technical
uml diagrams model for predictive analytics,technical
laughter,non_technical
rigid,non_technical
best practices for javascript,technical
wedding,non_technical
java configuration and setup,technical
dessert,non_technical
test,non_technical
integrating dashboards with other tools,technical
comparison between cfd and postgresql,technical
temporary,non_technical
azure tutorial for beginners,technical
port,non_technical
frontend testing for quality assurance,technical
comparison between line chart and control flow diagram,technical
comparison between neural networks and sql queries,technical
chair,non_technical
react configuration and setup,technical
sales,non_technical
docker deployment on cloud platforms,technical
today,non_technical
deeply,non_technical
normalization documentation and guides,technical
several,non_technical
courageous,non_technical
much,non_technical
django configuration and setup,technical
optimizing flowcharts performance,technical
watch this,non_technical
fox,non_technical
comparison between junit and kubernetes,technical
optimizing aws performance,technical
eight,non_technical
line chart testing for quality assurance,technical
express testing for quality assurance,technical
durable,non_technical
nurse,non_technical
troubleshooting frontend issues,technical
therefore,non_technical
insecure,non_technical
test test test test test,non_technical
cruel,non_technical
junit architecture for scalable apps,technical
wine,non_technical
hello hello hello hello hello,non_technical
python queries for data retrieval,technical
data flow diagram tutorial for beginners,technical
beautiful,non_technical
heavy,non_technical
c++ visualization for data analysis,technical
power bi visualization for data analysis,technical
architecture model for predictive analytics,technical
hungry now,non_technical
lesson,non_technical
exercise,non_technical
machine learning visualization for data analysis,technical
geeksforgeeks data structures and algorithms,technical
later,non_technical
docker schema for database management,technical
yourselves,non_technical
erd dashboard for real-time monitoring,technical
best practices for java,technical
four,non_technical
how are you,non_technical
among,non_technical
sleepy now,non_technical
rabbit,non_technical
fashion,non_technical
birthday,non_technical
wonderful,non_technical
explain entity relationship diagram with examples,technical
best practices for deep learning,technical
barely,non_technical
aws diagram for process mapping,technical
light,non_technical
comparison between dashboards and junit,technical
sql queries visualization for data analysis,technical
sheep,non_technical
living,non_technical
line chart architecture for scalable apps,technical
neural networks architecture for scalable apps,technical
nervous,non_technical
designing data flow diagram for enterprise systems,technical
redux diagram for process mapping,technical
bike,non_technical
wide,non_technical
designing node.js for enterprise systems,technical
his,non_technical
pie chart deployment on cloud platforms,technical
frog,non_technical
sql configuration and setup,technical
junit queries for data retrieval,technical
flowcharts configuration and setup,technical
comparison between mockito and django,technical
java spring boot microservices architecture,technical
happiness,non_technical
show,non_technical
whole,non_technical
post,non_technical
elephant,non_technical
comparison between aws and express,technical
comparison between system design and azure,technical
comparison between data visualization and javascript,technical
nice pic,non_technical
traffic,non_technical
key,non_technical
flask documentation and guides,technical
optional,non_technical
next.js server-side rendering (ssr),technical
fairly,non_technical
short,non_technical
how to implement javascript in project,technical
comparison between neural networks and neural networks,technical
entity relationship diagram configuration and setup,technical
optimizing uml diagrams performance,technical
best practices for normalization,technical
fit,non_technical
general,non_technical
place,non_technical
unique,non_technical
designing machine learning for enterprise systems,technical
compassion,non_technical
microservices deployment on cloud platforms,technical
ride,non_technical
or,non_technical
manager,non_technical
i am feeling happy today,non_technical
workshop,non_technical
grade,non_technical
university,non_technical
give this,non_technical
frontend configuration and setup,technical
typescript testing for quality assurance,technical
schema configuration and setup,technical
node.js visualization for data analysis,technical
system design documentation and guides,technical
data visualization queries for data retrieval,technical
erd diagram for process mapping,technical
dashboards configuration and setup,technical
trip,non_technical
leaf,non_technical
lunch time,non_technical
ordinary,non_technical
azure diagram for process mapping,technical
c++ model for predictive analytics,technical
her,non_technical
town,non_technical
surprised,non_technical
comparison between charts and tailwind css,technical
how to implement deep learning in project,technical
django architecture for scalable apps,technical
motorcycle,non_technical
somewhere,non_technical
beer,non_technical
desert,non_technical
system design configuration and setup,technical
best practices for sql queries,technical
stars,non_technical
medium article on software engineering best practices,technical
charts deployment on cloud platforms,technical
designing normalization for enterprise systems,technical
rat,non_technical
backend tutorial for beginners,technical
kubernetes testing for quality assurance,technical
resume,non_technical
designing c++ for enterprise systems,technical
explain machine learning with examples,technical
comparison between postgresql and react,technical
comparison between bar chart and express,technical
city,non_technical
whosoever,non_technical
apis visualization for data analysis,technical
picture,non_technical
c++ tutorial for beginners,technical
cost,non_technical
below,non_technical
famous,non_technical
cfd queries for data retrieval,technical
comparison between line chart and tableau,technical
comparison between postgresql and node.js,technical
normalization tutorial for beginners,technical
gcp testing for quality assurance,technical
tunnel,non_technical
explain uml diagrams with examples,technical
ill,non_technical
huge,non_technical
optimizing postgresql performance,technical
unity,non_technical
comparison between python and pie chart,technical
sky,non_technical
just,non_technical
sql testing for quality assurance,technical
dfd queries for data retrieval,technical
sand,non_technical
conversely,non_technical
flowcharts queries for data retrieval,technical
octopus,non_technical
best practices for bar chart,technical
busy now,non_technical
comparison between django and power bi,technical
part,non_technical
by,non_technical
how to implement frontend in project,technical
aws configuration and setup,technical
optimizing junit performance,technical
how,non_technical
system design for scalable web applications,technical
analytics reports dashboard for real-time monitoring,technical
architecture deployment on cloud platforms,technical
sql visualization for data analysis,technical
village,non_technical
otherwise,non_technical
bee,non_technical
share this,non_technical
troubleshooting sql queries issues,technical
cat,non_technical
it,non_technical
whosever,non_technical
best practices for python,technical
this,non_technical
event,non_technical
erd visualization for data analysis,technical
fruit,non_technical
ineffective,non_technical
certainly,non_technical
node.js diagram for process mapping,technical
explain sql queries with examples,technical
node.js testing for quality assurance,technical
what are you doing,non_technical
stale,non_technical
comparison between javascript and bar chart,technical
node.js documentation and guides,technical
game,non_technical
seed,non_technical
azure visualization for data analysis,technical
designing dashboards for enterprise systems,technical
deep learning tutorial for beginners,technical
selfish,non_technical
app,non_technical
trophy,non_technical
control flow diagram configuration and setup,technical
best practices for control flow diagram,technical
how to implement uml diagrams in project,technical
cow,non_technical
docker model for predictive analytics,technical
cfd architecture for scalable apps,technical
optimizing normalization performance,technical
pizza,non_technical
how to implement power bi in project,technical
system design visualization for data analysis,technical
express diagram for process mapping,technical
comparison between docker and docker,technical
religion,non_technical
tailwind css queries for data retrieval,technical
journey,non_technical
flowcharts tutorial for beginners,technical
cv,non_technical
modern,non_technical
world,non_technical
flowcharts documentation and guides,technical
actual,non_technical
course,non_technical
data visualization deployment on cloud platforms,technical
strength,non_technical
big,non_technical
troubleshooting express issues,technical
neither,non_technical
bonus,non_technical
control flow diagram dashboard for real-time monitoring,technical
space,non_technical
where,non_technical
game over,non_technical
deadline,non_technical
python data science with pandas and numpy,technical
film,non_technical
typescript schema for database management,technical
explain mongodb with examples,technical
boss,non_technical
their,non_technical
typescript architecture for scalable apps,technical
power bi schema for database management,technical
perfect,non_technical
tableau architecture for scalable apps,technical
mongodb configuration and setup,technical
love this image,non_technical
in,non_technical
bar chart visualization for data analysis,technical
one,non_technical
troubleshooting charts issues,technical
optimizing mongodb performance,technical
how to fix nullpointerexception in java when calling method,technical
comparison between java and data flow diagram,technical
comparison between frontend and dfd,technical
flowcharts architecture for scalable apps,technical
django testing for quality assurance,technical
accordingly,non_technical
gcp documentation and guides,technical
inside,non_technical
tableau tutorial for beginners,technical
whatever,non_technical
mockito documentation and guides,technical
troubleshooting flowcharts issues,technical
unfit,non_technical
ok,non_technical
charts configuration and setup,technical
hello bro,non_technical
how to deploy spring boot app on aws,technical
erd documentation and guides,technical
integrating bar chart with other tools,technical
shy,non_technical
boring,non_technical
apis documentation and guides,technical
integrating system design with other tools,technical
junit deployment on cloud platforms,technical
writing,non_technical
sql queries dashboard for real-time monitoring,technical
comparison between architecture and schema,technical
peace,non_technical
lose this,non_technical
anniversary,non_technical
rather,non_technical
humble,non_technical
express queries for data retrieval,technical
animal,non_technical
sunny,non_technical
large,non_technical
listen to this,non_technical
optimizing python performance,technical
schema diagram for process mapping,technical
frontend diagram for process mapping,technical
comparison between django and dashboards,technical
worker,non_technical
goat,non_technical
new,non_technical
explain microservices with examples,technical
popular,non_technical
designing entity relationship diagram for enterprise systems,technical
integrating aws with other tools,technical
free now,non_technical
double,non_technical
troubleshooting deep learning issues,technical
power,non_technical
shop,non_technical
react visualization for data analysis,technical
azure documentation and guides,technical
story,non_technical
see you later,non_technical
sweet dreams,non_technical
rainy,non_technical
level up,non_technical
junit tutorial for beginners,technical
comparison between machine learning and react,technical
gorgeous,non_technical
integrating control flow diagram with other tools,technical
integrating flowcharts with other tools,technical
kind,non_technical
comparison between uml diagrams and python,technical
valuable,non_technical
charts testing for quality assurance,technical
comparison between apis and data visualization,technical
integrating schema with other tools,technical
sick,non_technical
how to implement kubernetes in project,technical
of,non_technical
our,non_technical
comparison between analytics reports and cfd,technical
lovely,non_technical
junit documentation and guides,technical
near,non_technical
bar,non_technical
sale,non_technical
rich,non_technical
good,non_technical
basketball,non_technical
integrating mockito with other tools,technical
comparison between microservices and docker,technical
health,non_technical
joyful,non_technical
mongodb model for predictive analytics,technical
take care,non_technical
cold,non_technical
follow me,non_technical
how to implement schema in project,technical
gradual,non_technical
bar chart configuration and setup,technical
player,non_technical
read this,non_technical
free,non_technical
line chart schema for database management,technical
express visualization for data analysis,technical
accounting,non_technical
hence,non_technical
integrating erd with other tools,technical
integrating deep learning with other tools,technical
analytics reports testing for quality assurance,technical
thirsty now,non_technical
designing react for enterprise systems,technical
stupid,non_technical
more,non_technical
quick,non_technical
gcp queries for data retrieval,technical
whichsoever,non_technical
letter,non_technical
detailed,non_technical
explain ci/cd with examples,technical
best practices for uml diagrams,technical
police,non_technical
goal,non_technical
rare,non_technical
gym,non_technical
you,non_technical
power bi report for marketing analytics,technical
entity relationship diagram schema for database management,technical
since,non_technical
machine learning schema for database management,technical
steady,non_technical
troubleshooting erd issues,technical
optimizing django performance,technical
comparison between dfd and uml diagrams,technical
money,non_technical
justice,non_technical
best practices for sql,technical
apparent,non_technical
dashboards dashboard for real-time monitoring,technical
fast,non_technical
diligent,non_technical
infographic explaining core technical competencies for developers,technical
party,non_technical
react diagram for process mapping,technical
take this,non_technical
every,non_technical
aws documentation and guides,technical
sorry about that,non_technical
data visualization dashboard for real-time monitoring,technical
innovation,non_technical
designing tailwind css for enterprise systems,technical
go go go,non_technical
friendship,non_technical
troubleshooting aws issues,technical
comparison between express and cfd,technical
kubernetes configuration and setup,technical
available,non_technical
entity relationship diagram architecture for scalable apps,technical
lecture,non_technical
how to implement cfd in project,technical
optimizing ci/cd performance,technical
everything,non_technical
explain apis with examples,technical
explain control flow diagram with examples,technical
somehow,non_technical
postgresql model for predictive analytics,technical
careless,non_technical
bar chart queries for data retrieval,technical
normal,non_technical
cheerful,non_technical
usually,non_technical
some,non_technical
link,non_technical
normalization visualization for data analysis,technical
anyway,non_technical
hating,non_technical
typescript interfaces and types,technical
redux documentation and guides,technical
troubleshooting pie chart issues,technical
tableau testing for quality assurance,technical
uml diagrams diagram for process mapping,technical
thus,non_technical
zero,non_technical
mean,non_technical
tired now,non_technical
natural,non_technical
bumpy,non_technical
tasty,non_technical
integrating docker with other tools,technical
travel,non_technical
windy,non_technical
wall,non_technical
how to implement mockito in project,technical
website,non_technical
dull,non_technical
class,non_technical
django model for predictive analytics,technical
flowchart of login system,technical
breakfast time,non_technical
uml diagrams documentation and guides,technical
of course,non_technical
engine,non_technical
law,non_technical
integrating neural networks with other tools,technical
control flow diagram documentation and guides,technical
abnormal,non_technical
atypical,non_technical
from,non_technical
anyhow,non_technical
online,non_technical
year,non_technical
obvious,non_technical
uneven,non_technical
who,non_technical
extremely,non_technical
comparison between ci/cd and postgresql,technical
tailwind css tutorial for beginners,technical
ice cream,non_technical
redux model for predictive analytics,technical
comparison between data visualization and architecture,technical
explain junit with examples,technical
quarter,non_technical
knowledge,non_technical
month,non_technical
comparison between analytics reports and normalization,technical
nobody,non_technical
javascript queries for data retrieval,technical
private,non_technical
comparison between ci/cd and react,technical
sell this,non_technical
card,non_technical
comparison between architecture and data flow diagram,technical
sql documentation and guides,technical
address,non_technical
pie chart configuration and setup,technical
emergency,non_technical
neural networks diagram for process mapping,technical
brief,non_technical
sour,non_technical
lift,non_technical
study,non_technical
comparison between tableau and python,technical
comparison between tailwind css and dfd,technical
designing docker for enterprise systems,technical
video,non_technical
how to implement sql queries in project,technical
how to implement data flow diagram in project,technical
amazing,non_technical
meal,non_technical
navigation,non_technical
microservices model for predictive analytics,technical
scared,non_technical
erd configuration and setup,technical
tire,non_technical
google cloud platform (gcp) storage,technical
sql diagram for process mapping,technical
deep learning visualization for data analysis,technical
comparison between cfd and junit,technical
comparison between machine learning and apis,technical
bar chart tutorial for beginners,technical
leave,non_technical
five,non_technical
fuel,non_technical
pycharm for python development,technical
ci/cd testing for quality assurance,technical
control flow diagram model for predictive analytics,technical
spirituality,non_technical
hacker news latest tech updates,technical
magic,non_technical
comparison between cfd and pie chart,technical
strong,non_technical
designing microservices for enterprise systems,technical
power bi dashboard showing sales analytics,technical
deep learning documentation and guides,technical
normalization testing for quality assurance,technical
encryption algorithms rsa and aes,technical
true,non_technical
tiny,non_technical
disloyal,non_technical
greedy,non_technical
entity relationship diagram tutorial for beginners,technical
tennis,non_technical
effective,non_technical
apis deployment on cloud platforms,technical
comparison between power bi and flowcharts,technical
w3schools sql tutorial for beginners,technical
clever,non_technical
soft,non_technical
how to implement neural networks in project,technical
normalization deployment on cloud platforms,technical
dashboards testing for quality assurance,technical
entity relationship diagram (erd) for bank database,technical
designing data visualization for enterprise systems,technical
sql tutorial for beginners,technical
somebody,non_technical
message,non_technical
how to implement express in project,technical
comparison between data flow diagram and python,technical
how to implement microservices in project,technical
truck,non_technical
bored,non_technical
good morning,non_technical
machine learning neural networks and deep learning,technical
vacation,non_technical
typescript documentation and guides,technical
troubleshooting bar chart issues,technical
bird,non_technical
comparison between python and mockito,technical
c++ deployment on cloud platforms,technical
interview,non_technical
visual studio code extensions for developers,technical
charts dashboard for real-time monitoring,technical
comparison between sql queries and bar chart,technical
explore,non_technical
degree,non_technical
javascript documentation and guides,technical
visible,non_technical
cowardly,non_technical
clean,non_technical
taxi,non_technical
life,non_technical
one another,non_technical
designing erd for enterprise systems,technical
troubleshooting apis issues,technical
mongodb dashboard for real-time monitoring,technical
comparison between mockito and normalization,technical
happy birthday,non_technical
third,non_technical
opinion,non_technical
award,non_technical
erd architecture for scalable apps,technical
forest,non_technical
seldom,non_technical
optimizing tableau performance,technical
furthermore,non_technical
sql deployment on cloud platforms,technical
comparison between c++ and bar chart,technical
designing deep learning for enterprise systems,technical
technical skills: the abilities and knowledge needed to accomplish complex actions,technical
unit testing with junit and mockito,technical
deep learning queries for data retrieval,technical
yoga,non_technical
comparison between postgresql and deep learning,technical
nearly,non_technical
troubleshooting gcp issues,technical
explain normalization with examples,technical
humanity,non_technical
fan,non_technical
plenty,non_technical
python visualization for data analysis,technical
rarely,non_technical
with,non_technical
best practices for power bi,technical
along,non_technical
comparison between normalization and javascript,technical
anywhere,non_technical
dashboards queries for data retrieval,technical
museum,non_technical
apis dashboard for real-time monitoring,technical
good night,non_technical
troubleshooting dashboards issues,technical
last,non_technical
comparison between cfd and c++,technical
painting,non_technical
service,non_technical
how to implement sql in project,technical
django tutorial for beginners,technical
comparison between bar chart and backend,technical
exhibition,non_technical
machine learning queries for data retrieval,technical
disgusted,non_technical
freecodecamp responsive web design,technical
pasta,non_technical
tidy,non_technical
django schema for database management,technical
aws model for predictive analytics,technical
full,non_technical
thick,non_technical
comparison between backend and dfd,technical
power bi queries for data retrieval,technical
golf,non_technical
bar chart showing quarterly growth,technical
them,non_technical
nice,non_technical
photo,non_technical
integrating kubernetes with other tools,technical
something,non_technical
integrating apis with other tools,technical
either,non_technical
explain bar chart with examples,technical
comparison between data flow diagram and line chart,technical
far,non_technical
loyal,non_technical
until,non_technical
wherever,non_technical
draw,non_technical
brave,non_technical
age,non_technical
learning,non_technical
